"upper","lower","PD","mean","CI_lower","CI_upper"
"alpha_all","alpha",0.762222222222222,10.424597452943,-18.2204362480195,39.1483069486566
"beta_all","beta_mass",0.911888888888889,1.29033568970959,-0.561093520424264,3.15011172040912
