"upper","lower","PD","mean","CI_lower","CI_upper"
"alpha_all","alpha",0.783861111111111,7.67663661248689,-11.3553568535496,26.6924134790613
"beta_all","beta_mass",0.995,1.70618810010519,0.439768532341334,2.97372759300399
