"upper","lower","PD","mean","CI_lower","CI_upper"
"alpha_all","alpha",0.669944444444444,-0.400365501404809,-2.20166535436465,1.38356133132636
"alpha_all","Alpha_int_site",0.588666666666667,3.05348175334628,-24.0090425475518,30.2017965392371
"beta_all","beta_int_sitemass",1,41.2195886362485,39.4277395789009,43.0187163521541
"beta_all","beta_mass",0.742444444444444,0.0389935459292691,-0.0793419739464978,0.157957770972025
